--------------------------------------------------------
--  File created - Thursday-June-19-2014   
--------------------------------------------------------
--------------------------------------------------------
--  DDL for Table CLASSROOM
--------------------------------------------------------

  CREATE TABLE "EPOSADAR"."CLASSROOM" 
   (	"BLD" CHAR(3), 
	"ROOM" NUMBER(3,0), 
	"SEATS" NUMBER(2,0)
   )
--------------------------------------------------------
--  DDL for Table COURSE
--------------------------------------------------------

  CREATE TABLE "EPOSADAR"."COURSE" 
   (	"DCODE" VARCHAR2(4), 
	"CNO" NUMBER(3,0), 
	"TITLE" VARCHAR2(50), 
	"CREDIT" NUMBER(1,0) DEFAULT 3
   )
--------------------------------------------------------
--  DDL for Table DEPARTMENT
--------------------------------------------------------

  CREATE TABLE "EPOSADAR"."DEPARTMENT" 
   (	"DCODE" VARCHAR2(4), 
	"DNAME" VARCHAR2(35), 
	"TEL" NUMBER(4,0), 
	"CHAIRUID" CHAR(9), 
	"OFFICEBLD" CHAR(3), 
	"OFFICEROOM" NUMBER(3,0)
   )
--------------------------------------------------------
--  DDL for Table ENROLL
--------------------------------------------------------

  CREATE TABLE "EPOSADAR"."ENROLL" 
   (	"SUID" CHAR(9), 
	"DCODE" VARCHAR2(4), 
	"CNO" NUMBER(3,0), 
	"SNO" NUMBER(2,0)
   )
--------------------------------------------------------
--  DDL for Table FACULTY
--------------------------------------------------------

  CREATE TABLE "EPOSADAR"."FACULTY" 
   (	"FUID" CHAR(9), 
	"FNAME" VARCHAR2(35), 
	"RANK" VARCHAR2(20), 
	"TEL" NUMBER(4,0), 
	"DCODE" VARCHAR2(4), 
	"OFFICEBLD" CHAR(3), 
	"OFFICEROOM" NUMBER(3,0)
   )
--------------------------------------------------------
--  DDL for Table MEETING
--------------------------------------------------------

  CREATE TABLE "EPOSADAR"."MEETING" 
   (	"DCODE" VARCHAR2(4), 
	"CNO" NUMBER(3,0), 
	"SNO" NUMBER(2,0), 
	"BLDNUMBER" CHAR(3), 
	"ROOMNUMBER" NUMBER(3,0), 
	"MEETINGDAY" CHAR(2), 
	"BEGINTIME" VARCHAR2(5), 
	"ENDTIME" VARCHAR2(5)
   )
--------------------------------------------------------
--  DDL for Table OFFICE
--------------------------------------------------------

  CREATE TABLE "EPOSADAR"."OFFICE" 
   (	"BLD" CHAR(3), 
	"ROOM" NUMBER(3,0), 
	"AREA" NUMBER(4,0)
   )
--------------------------------------------------------
--  DDL for Table OFFICEHOUR
--------------------------------------------------------

  CREATE TABLE "EPOSADAR"."OFFICEHOUR" 
   (	"FUID" CHAR(9), 
	"MEETINGDAY" CHAR(2), 
	"BEGINTIME" VARCHAR2(5), 
	"ENDTIME" VARCHAR2(5)
   )
--------------------------------------------------------
--  DDL for Table PREREQ
--------------------------------------------------------

  CREATE TABLE "EPOSADAR"."PREREQ" 
   (	"DCODE" VARCHAR2(4), 
	"CNO" NUMBER(3,0), 
	"PCODE" VARCHAR2(4), 
	"PCNO" NUMBER(3,0)
   )
--------------------------------------------------------
--  DDL for Table SECTION
--------------------------------------------------------

  CREATE TABLE "EPOSADAR"."SECTION" 
   (	"DCODE" VARCHAR2(4), 
	"CNO" NUMBER(3,0), 
	"SNO" NUMBER(2,0), 
	"INSTRUCTORID" CHAR(9)
   )
--------------------------------------------------------
--  DDL for Table STUDENT
--------------------------------------------------------

  CREATE TABLE "EPOSADAR"."STUDENT" 
   (	"SUID" CHAR(9), 
	"SNAME" VARCHAR2(35), 
	"STATUS" VARCHAR2(20), 
	"MAJOR" VARCHAR2(4)
   )
--------------------------------------------------------
--  DDL for Table TEACHINGSLOT
--------------------------------------------------------

  CREATE TABLE "EPOSADAR"."TEACHINGSLOT" 
   (	"MEETINGDAY" CHAR(2), 
	"BEGINTIME" VARCHAR2(5), 
	"ENDTIME" VARCHAR2(5)
   )
--------------------------------------------------------
--  DDL for Table TRANSCRIPT
--------------------------------------------------------

  CREATE TABLE "EPOSADAR"."TRANSCRIPT" 
   (	"SUID" CHAR(9), 
	"DCODE" VARCHAR2(4), 
	"CNO" NUMBER(3,0), 
	"GRADE" CHAR(1)
   )
REM INSERTING into EPOSADAR.CLASSROOM
SET DEFINE OFF;
Insert into EPOSADAR.CLASSROOM (BLD,ROOM,SEATS) values ('ARB',301,40);
Insert into EPOSADAR.CLASSROOM (BLD,ROOM,SEATS) values ('ARB',302,40);
Insert into EPOSADAR.CLASSROOM (BLD,ROOM,SEATS) values ('ARB',303,50);
Insert into EPOSADAR.CLASSROOM (BLD,ROOM,SEATS) values ('ARB',304,69);
Insert into EPOSADAR.CLASSROOM (BLD,ROOM,SEATS) values ('ARB',306,70);
Insert into EPOSADAR.CLASSROOM (BLD,ROOM,SEATS) values ('ARB',307,50);
Insert into EPOSADAR.CLASSROOM (BLD,ROOM,SEATS) values ('ARB',308,50);
Insert into EPOSADAR.CLASSROOM (BLD,ROOM,SEATS) values ('ARB',305,50);
Insert into EPOSADAR.CLASSROOM (BLD,ROOM,SEATS) values ('ARB',309,50);
Insert into EPOSADAR.CLASSROOM (BLD,ROOM,SEATS) values ('ARB',310,50);
Insert into EPOSADAR.CLASSROOM (BLD,ROOM,SEATS) values ('EGB',301,40);
Insert into EPOSADAR.CLASSROOM (BLD,ROOM,SEATS) values ('EGB',302,40);
Insert into EPOSADAR.CLASSROOM (BLD,ROOM,SEATS) values ('EGB',303,50);
Insert into EPOSADAR.CLASSROOM (BLD,ROOM,SEATS) values ('EGB',304,69);
Insert into EPOSADAR.CLASSROOM (BLD,ROOM,SEATS) values ('EGB',306,70);
Insert into EPOSADAR.CLASSROOM (BLD,ROOM,SEATS) values ('EGB',307,50);
Insert into EPOSADAR.CLASSROOM (BLD,ROOM,SEATS) values ('EGB',308,50);
Insert into EPOSADAR.CLASSROOM (BLD,ROOM,SEATS) values ('EGB',305,50);
Insert into EPOSADAR.CLASSROOM (BLD,ROOM,SEATS) values ('EGB',309,50);
Insert into EPOSADAR.CLASSROOM (BLD,ROOM,SEATS) values ('EGB',310,50);
Insert into EPOSADAR.CLASSROOM (BLD,ROOM,SEATS) values ('MUB',301,40);
Insert into EPOSADAR.CLASSROOM (BLD,ROOM,SEATS) values ('MUB',302,40);
Insert into EPOSADAR.CLASSROOM (BLD,ROOM,SEATS) values ('MUB',303,50);
Insert into EPOSADAR.CLASSROOM (BLD,ROOM,SEATS) values ('MUB',304,69);
Insert into EPOSADAR.CLASSROOM (BLD,ROOM,SEATS) values ('MUB',306,70);
Insert into EPOSADAR.CLASSROOM (BLD,ROOM,SEATS) values ('MUB',307,50);
Insert into EPOSADAR.CLASSROOM (BLD,ROOM,SEATS) values ('MUB',308,50);
Insert into EPOSADAR.CLASSROOM (BLD,ROOM,SEATS) values ('MUB',305,50);
Insert into EPOSADAR.CLASSROOM (BLD,ROOM,SEATS) values ('MUB',309,50);
Insert into EPOSADAR.CLASSROOM (BLD,ROOM,SEATS) values ('MUB',310,50);
REM INSERTING into EPOSADAR.COURSE
SET DEFINE OFF;
Insert into EPOSADAR.COURSE (DCODE,CNO,TITLE,CREDIT) values ('ART',101,'Introduction to Visual Arts',2);
Insert into EPOSADAR.COURSE (DCODE,CNO,TITLE,CREDIT) values ('MUS',104,'Latin Music',3);
Insert into EPOSADAR.COURSE (DCODE,CNO,TITLE,CREDIT) values ('CS',100,'Principles of Computing',3);
Insert into EPOSADAR.COURSE (DCODE,CNO,TITLE,CREDIT) values ('CS',101,'Preview of Computer Science',2);
Insert into EPOSADAR.COURSE (DCODE,CNO,TITLE,CREDIT) values ('CS',105,'Computer Ethics and Society',1);
Insert into EPOSADAR.COURSE (DCODE,CNO,TITLE,CREDIT) values ('CS',112,'Intro Computer Programming',3);
Insert into EPOSADAR.COURSE (DCODE,CNO,TITLE,CREDIT) values ('CS',211,'Object-Oriented Programming',3);
Insert into EPOSADAR.COURSE (DCODE,CNO,TITLE,CREDIT) values ('CS',222,'Computer Program for Engineers',3);
Insert into EPOSADAR.COURSE (DCODE,CNO,TITLE,CREDIT) values ('CS',225,'Culture and Theory of Games',3);
Insert into EPOSADAR.COURSE (DCODE,CNO,TITLE,CREDIT) values ('CS',262,'Intro to Low-level Programming',3);
Insert into EPOSADAR.COURSE (DCODE,CNO,TITLE,CREDIT) values ('CS',306,'Synt Ethics/Law for Comp Profe',3);
Insert into EPOSADAR.COURSE (DCODE,CNO,TITLE,CREDIT) values ('CS',310,'Data Structures',3);
Insert into EPOSADAR.COURSE (DCODE,CNO,TITLE,CREDIT) values ('CS',321,'Software Req/Design Modeling',3);
Insert into EPOSADAR.COURSE (DCODE,CNO,TITLE,CREDIT) values ('CS',330,'Formal Methods and Models',3);
Insert into EPOSADAR.COURSE (DCODE,CNO,TITLE,CREDIT) values ('CS',332,'Obj-Oriented Sftwr Desgn/Imple',3);
Insert into EPOSADAR.COURSE (DCODE,CNO,TITLE,CREDIT) values ('CS',367,'Computer Systems and Programm',3);
Insert into EPOSADAR.COURSE (DCODE,CNO,TITLE,CREDIT) values ('CS',390,'Research/Proj Design Principle',3);
Insert into EPOSADAR.COURSE (DCODE,CNO,TITLE,CREDIT) values ('CS',425,'Game Programming I',3);
Insert into EPOSADAR.COURSE (DCODE,CNO,TITLE,CREDIT) values ('CS',450,'Database Concepts',3);
Insert into EPOSADAR.COURSE (DCODE,CNO,TITLE,CREDIT) values ('CS',451,'Computer Graphics',3);
Insert into EPOSADAR.COURSE (DCODE,CNO,TITLE,CREDIT) values ('CS',455,'Comp Communications/Networking',3);
Insert into EPOSADAR.COURSE (DCODE,CNO,TITLE,CREDIT) values ('CS',465,'Computer Systems Architecture',3);
Insert into EPOSADAR.COURSE (DCODE,CNO,TITLE,CREDIT) values ('CS',471,'Operating Systems',3);
Insert into EPOSADAR.COURSE (DCODE,CNO,TITLE,CREDIT) values ('CS',477,'Mobile Application Development',3);
Insert into EPOSADAR.COURSE (DCODE,CNO,TITLE,CREDIT) values ('CS',480,'Intro Artificial Intelligence',3);
Insert into EPOSADAR.COURSE (DCODE,CNO,TITLE,CREDIT) values ('CS',482,'Computer Vision',3);
Insert into EPOSADAR.COURSE (DCODE,CNO,TITLE,CREDIT) values ('CS',483,'Analysis of Algorithms',3);
Insert into EPOSADAR.COURSE (DCODE,CNO,TITLE,CREDIT) values ('CS',485,'Autonomous Robotics',3);
Insert into EPOSADAR.COURSE (DCODE,CNO,TITLE,CREDIT) values ('CS',499,'Spec Topics in Comp Science',3);
Insert into EPOSADAR.COURSE (DCODE,CNO,TITLE,CREDIT) values ('ART',102,'Symbols/Stories in Western Art',3);
Insert into EPOSADAR.COURSE (DCODE,CNO,TITLE,CREDIT) values ('ART',103,'Introduction to Architecture',3);
Insert into EPOSADAR.COURSE (DCODE,CNO,TITLE,CREDIT) values ('ART',200,'Survey of Western Art',3);
Insert into EPOSADAR.COURSE (DCODE,CNO,TITLE,CREDIT) values ('ART',201,'Survey of Western Art',3);
Insert into EPOSADAR.COURSE (DCODE,CNO,TITLE,CREDIT) values ('ART',203,'Survey of Asian Art',3);
Insert into EPOSADAR.COURSE (DCODE,CNO,TITLE,CREDIT) values ('ART',303,'National Traditions',3);
Insert into EPOSADAR.COURSE (DCODE,CNO,TITLE,CREDIT) values ('ART',319,'Art of Ancient Near East',3);
Insert into EPOSADAR.COURSE (DCODE,CNO,TITLE,CREDIT) values ('ART',324,'Alexander to Cleopatra',3);
Insert into EPOSADAR.COURSE (DCODE,CNO,TITLE,CREDIT) values ('ART',340,'Renais Art Italy: 1300-1500',3);
Insert into EPOSADAR.COURSE (DCODE,CNO,TITLE,CREDIT) values ('ART',371,'American Arch/Material Culture',3);
Insert into EPOSADAR.COURSE (DCODE,CNO,TITLE,CREDIT) values ('ART',372,'Stud 18/19th C Art of the U.S.',3);
Insert into EPOSADAR.COURSE (DCODE,CNO,TITLE,CREDIT) values ('ART',374,'Art Now',3);
Insert into EPOSADAR.COURSE (DCODE,CNO,TITLE,CREDIT) values ('ART',382,'Arts of India',3);
Insert into EPOSADAR.COURSE (DCODE,CNO,TITLE,CREDIT) values ('ART',399,'Special Topics History of Art',3);
Insert into EPOSADAR.COURSE (DCODE,CNO,TITLE,CREDIT) values ('ART',420,'Advanced Studies Ancient Art',3);
Insert into EPOSADAR.COURSE (DCODE,CNO,TITLE,CREDIT) values ('ART',440,'Adv Studies Ren and Baroq Art',3);
Insert into EPOSADAR.COURSE (DCODE,CNO,TITLE,CREDIT) values ('ART',460,'Adv Stds in 20th Cent Euro Art',3);
Insert into EPOSADAR.COURSE (DCODE,CNO,TITLE,CREDIT) values ('MUS',102,'Music History',3);
Insert into EPOSADAR.COURSE (DCODE,CNO,TITLE,CREDIT) values ('ENGH',100,'Composition Nonnative Speakers',3);
Insert into EPOSADAR.COURSE (DCODE,CNO,TITLE,CREDIT) values ('ENGH',101,'Composition',3);
Insert into EPOSADAR.COURSE (DCODE,CNO,TITLE,CREDIT) values ('ENGH',201,'Reading and Writng About Texts',3);
Insert into EPOSADAR.COURSE (DCODE,CNO,TITLE,CREDIT) values ('ENGH',202,'Texts and Contexts',3);
Insert into EPOSADAR.COURSE (DCODE,CNO,TITLE,CREDIT) values ('ENGH',203,'Western Literary Traditions I',3);
Insert into EPOSADAR.COURSE (DCODE,CNO,TITLE,CREDIT) values ('ENGH',302,'Advanced Composition',3);
Insert into EPOSADAR.COURSE (DCODE,CNO,TITLE,CREDIT) values ('ENGH',303,'Humanities College to Career',3);
Insert into EPOSADAR.COURSE (DCODE,CNO,TITLE,CREDIT) values ('ENGH',305,'Dimensions Writing and Lit',3);
Insert into EPOSADAR.COURSE (DCODE,CNO,TITLE,CREDIT) values ('ENGH',307,'English Grammar',3);
Insert into EPOSADAR.COURSE (DCODE,CNO,TITLE,CREDIT) values ('ENGH',308,'Introduction Literary Theory',3);
Insert into EPOSADAR.COURSE (DCODE,CNO,TITLE,CREDIT) values ('ENGH',315,'Folklore and Folklife',3);
Insert into EPOSADAR.COURSE (DCODE,CNO,TITLE,CREDIT) values ('MUS',101,'Music Fundumentals',3);
Insert into EPOSADAR.COURSE (DCODE,CNO,TITLE,CREDIT) values ('MUS',103,'Music Art',3);
REM INSERTING into EPOSADAR.DEPARTMENT
SET DEFINE OFF;
Insert into EPOSADAR.DEPARTMENT (DCODE,DNAME,TEL,CHAIRUID,OFFICEBLD,OFFICEROOM) values ('CS','Computer Science',1530,'1        ','EGB',430);
Insert into EPOSADAR.DEPARTMENT (DCODE,DNAME,TEL,CHAIRUID,OFFICEBLD,OFFICEROOM) values ('MUS','Music',5623,'30       ','MUB',205);
Insert into EPOSADAR.DEPARTMENT (DCODE,DNAME,TEL,CHAIRUID,OFFICEBLD,OFFICEROOM) values ('HEL','Health Department',3421,'28       ','MUB',203);
Insert into EPOSADAR.DEPARTMENT (DCODE,DNAME,TEL,CHAIRUID,OFFICEBLD,OFFICEROOM) values ('ENGH','English',6234,'18       ','ENB',267);
Insert into EPOSADAR.DEPARTMENT (DCODE,DNAME,TEL,CHAIRUID,OFFICEBLD,OFFICEROOM) values ('ART','Art',6213,'14       ','ARB',121);
REM INSERTING into EPOSADAR.ENROLL
SET DEFINE OFF;
Insert into EPOSADAR.ENROLL (SUID,DCODE,CNO,SNO) values ('50       ','CS',310,1);
Insert into EPOSADAR.ENROLL (SUID,DCODE,CNO,SNO) values ('51       ','ART',200,1);
Insert into EPOSADAR.ENROLL (SUID,DCODE,CNO,SNO) values ('52       ','CS',100,1);
Insert into EPOSADAR.ENROLL (SUID,DCODE,CNO,SNO) values ('52       ','CS',101,1);
Insert into EPOSADAR.ENROLL (SUID,DCODE,CNO,SNO) values ('52       ','CS',225,1);
Insert into EPOSADAR.ENROLL (SUID,DCODE,CNO,SNO) values ('52       ','ENGH',302,11);
Insert into EPOSADAR.ENROLL (SUID,DCODE,CNO,SNO) values ('52       ','ENGH',308,1);
Insert into EPOSADAR.ENROLL (SUID,DCODE,CNO,SNO) values ('53       ','CS',262,1);
Insert into EPOSADAR.ENROLL (SUID,DCODE,CNO,SNO) values ('53       ','CS',450,1);
Insert into EPOSADAR.ENROLL (SUID,DCODE,CNO,SNO) values ('55       ','ART',420,1);
Insert into EPOSADAR.ENROLL (SUID,DCODE,CNO,SNO) values ('55       ','CS',310,1);
Insert into EPOSADAR.ENROLL (SUID,DCODE,CNO,SNO) values ('55       ','CS',330,1);
Insert into EPOSADAR.ENROLL (SUID,DCODE,CNO,SNO) values ('55       ','CS',450,1);
Insert into EPOSADAR.ENROLL (SUID,DCODE,CNO,SNO) values ('55       ','ENGH',302,11);
Insert into EPOSADAR.ENROLL (SUID,DCODE,CNO,SNO) values ('56       ','CS',105,1);
Insert into EPOSADAR.ENROLL (SUID,DCODE,CNO,SNO) values ('57       ','CS',101,1);
Insert into EPOSADAR.ENROLL (SUID,DCODE,CNO,SNO) values ('57       ','CS',211,1);
Insert into EPOSADAR.ENROLL (SUID,DCODE,CNO,SNO) values ('58       ','CS',211,1);
Insert into EPOSADAR.ENROLL (SUID,DCODE,CNO,SNO) values ('58       ','CS',222,1);
Insert into EPOSADAR.ENROLL (SUID,DCODE,CNO,SNO) values ('58       ','CS',306,1);
Insert into EPOSADAR.ENROLL (SUID,DCODE,CNO,SNO) values ('63       ','ART',103,1);
Insert into EPOSADAR.ENROLL (SUID,DCODE,CNO,SNO) values ('67       ','ART',101,1);
Insert into EPOSADAR.ENROLL (SUID,DCODE,CNO,SNO) values ('67       ','ART',203,1);
Insert into EPOSADAR.ENROLL (SUID,DCODE,CNO,SNO) values ('67       ','ENGH',302,11);
Insert into EPOSADAR.ENROLL (SUID,DCODE,CNO,SNO) values ('71       ','ENGH',100,1);
Insert into EPOSADAR.ENROLL (SUID,DCODE,CNO,SNO) values ('71       ','ENGH',203,1);
Insert into EPOSADAR.ENROLL (SUID,DCODE,CNO,SNO) values ('72       ','ENGH',101,1);
Insert into EPOSADAR.ENROLL (SUID,DCODE,CNO,SNO) values ('72       ','ENGH',202,1);
Insert into EPOSADAR.ENROLL (SUID,DCODE,CNO,SNO) values ('73       ','CS',112,1);
Insert into EPOSADAR.ENROLL (SUID,DCODE,CNO,SNO) values ('76       ','ENGH',201,1);
Insert into EPOSADAR.ENROLL (SUID,DCODE,CNO,SNO) values ('77       ','ART',101,1);
Insert into EPOSADAR.ENROLL (SUID,DCODE,CNO,SNO) values ('77       ','ART',201,1);
REM INSERTING into EPOSADAR.FACULTY
SET DEFINE OFF;
Insert into EPOSADAR.FACULTY (FUID,FNAME,RANK,TEL,DCODE,OFFICEBLD,OFFICEROOM) values ('12       ','DelPopolo','Assistant Professor',8562,'ART','ARB',345);
Insert into EPOSADAR.FACULTY (FUID,FNAME,RANK,TEL,DCODE,OFFICEBLD,OFFICEROOM) values ('14       ','Sheridan','Assistant Professor',5423,'ART','ARB',324);
Insert into EPOSADAR.FACULTY (FUID,FNAME,RANK,TEL,DCODE,OFFICEBLD,OFFICEROOM) values ('15       ','Head','Term Professor',6512,'ART','ARB',423);
Insert into EPOSADAR.FACULTY (FUID,FNAME,RANK,TEL,DCODE,OFFICEBLD,OFFICEROOM) values ('16       ','Stratten','Associate Professor',5212,'ART','ARB',134);
Insert into EPOSADAR.FACULTY (FUID,FNAME,RANK,TEL,DCODE,OFFICEBLD,OFFICEROOM) values ('17       ','Shutika','Professor',5553,'ENGH','ENB',245);
Insert into EPOSADAR.FACULTY (FUID,FNAME,RANK,TEL,DCODE,OFFICEBLD,OFFICEROOM) values ('18       ','Albanese','Professor',6234,'ENGH','ENB',267);
Insert into EPOSADAR.FACULTY (FUID,FNAME,RANK,TEL,DCODE,OFFICEBLD,OFFICEROOM) values ('19       ','Amireh','Associate Professor',7621,'ENGH','ENB',268);
Insert into EPOSADAR.FACULTY (FUID,FNAME,RANK,TEL,DCODE,OFFICEBLD,OFFICEROOM) values ('20       ','Anderson','Associate Professor',6661,'ENGH','ENB',269);
Insert into EPOSADAR.FACULTY (FUID,FNAME,RANK,TEL,DCODE,OFFICEBLD,OFFICEROOM) values ('21       ','Atkinson','Associate Professor',7771,'ENGH','ENB',270);
Insert into EPOSADAR.FACULTY (FUID,FNAME,RANK,TEL,DCODE,OFFICEBLD,OFFICEROOM) values ('22       ','Berg','Assistant Professor',7231,'ENGH','ENB',271);
Insert into EPOSADAR.FACULTY (FUID,FNAME,RANK,TEL,DCODE,OFFICEBLD,OFFICEROOM) values ('23       ','Brkic','Associate Professor',7236,'ENGH','ENB',272);
Insert into EPOSADAR.FACULTY (FUID,FNAME,RANK,TEL,DCODE,OFFICEBLD,OFFICEROOM) values ('24       ','Chang','Associate Professor',7631,'ENGH','ENB',273);
Insert into EPOSADAR.FACULTY (FUID,FNAME,RANK,TEL,DCODE,OFFICEBLD,OFFICEROOM) values ('25       ','Cheng','Assistant Professor',8712,'ENGH','ENB',274);
Insert into EPOSADAR.FACULTY (FUID,FNAME,RANK,TEL,DCODE,OFFICEBLD,OFFICEROOM) values ('26       ','Cheuse','Professor',7942,'ENGH','ENB',275);
Insert into EPOSADAR.FACULTY (FUID,FNAME,RANK,TEL,DCODE,OFFICEBLD,OFFICEROOM) values ('27       ','Fomiga','Professor',4451,'MUS','MUB',202);
Insert into EPOSADAR.FACULTY (FUID,FNAME,RANK,TEL,DCODE,OFFICEBLD,OFFICEROOM) values ('28       ','Lonsa','Associate Professor',4452,'MUS','MUB',203);
Insert into EPOSADAR.FACULTY (FUID,FNAME,RANK,TEL,DCODE,OFFICEBLD,OFFICEROOM) values ('29       ','Nunda','Assistant Professor',4321,'MUS','MUB',204);
Insert into EPOSADAR.FACULTY (FUID,FNAME,RANK,TEL,DCODE,OFFICEBLD,OFFICEROOM) values ('30       ','Julia','Professor',5623,'MUS','MUB',205);
Insert into EPOSADAR.FACULTY (FUID,FNAME,RANK,TEL,DCODE,OFFICEBLD,OFFICEROOM) values ('13       ','Sandell','Professor',8564,'ART','ARB',121);
Insert into EPOSADAR.FACULTY (FUID,FNAME,RANK,TEL,DCODE,OFFICEBLD,OFFICEROOM) values ('1        ','Setia','Professor',1530,'CS','EGB',430);
Insert into EPOSADAR.FACULTY (FUID,FNAME,RANK,TEL,DCODE,OFFICEBLD,OFFICEROOM) values ('2        ','Allbeck','Assistant Professor',1794,'CS','EGB',532);
Insert into EPOSADAR.FACULTY (FUID,FNAME,RANK,TEL,DCODE,OFFICEBLD,OFFICEROOM) values ('3        ','Ammann','Associate Professor',1660,'CS','EGB',442);
Insert into EPOSADAR.FACULTY (FUID,FNAME,RANK,TEL,DCODE,OFFICEBLD,OFFICEROOM) values ('4        ','Aydin','Associate Professor',3786,'CS','EGB',530);
Insert into EPOSADAR.FACULTY (FUID,FNAME,RANK,TEL,DCODE,OFFICEBLD,OFFICEROOM) values ('5        ','Barbara','Professor',1627,'CS','EGB',420);
Insert into EPOSADAR.FACULTY (FUID,FNAME,RANK,TEL,DCODE,OFFICEBLD,OFFICEROOM) values ('6        ','Brodsky','Associate Professor',1529,'CS','EGB',441);
Insert into EPOSADAR.FACULTY (FUID,FNAME,RANK,TEL,DCODE,OFFICEBLD,OFFICEROOM) values ('7        ','Carver','Associate Professor',1550,'CS','EGB',531);
Insert into EPOSADAR.FACULTY (FUID,FNAME,RANK,TEL,DCODE,OFFICEBLD,OFFICEROOM) values ('8        ','Chen','Professor',1720,'CS','EGB',444);
Insert into EPOSADAR.FACULTY (FUID,FNAME,RANK,TEL,DCODE,OFFICEBLD,OFFICEROOM) values ('9        ','Chen','Associate Professor',3176,'CS','EGB',319);
Insert into EPOSADAR.FACULTY (FUID,FNAME,RANK,TEL,DCODE,OFFICEBLD,OFFICEROOM) values ('10       ','Jong','Professor',1553,'CS','EGB',445);
Insert into EPOSADAR.FACULTY (FUID,FNAME,RANK,TEL,DCODE,OFFICEBLD,OFFICEROOM) values ('11       ','Dobolyi','Term Professor',4198,'CS','EGB',440);
REM INSERTING into EPOSADAR.MEETING
SET DEFINE OFF;
Insert into EPOSADAR.MEETING (DCODE,CNO,SNO,BLDNUMBER,ROOMNUMBER,MEETINGDAY,BEGINTIME,ENDTIME) values ('ART',101,1,'ARB',302,'M ','8:00','9:15');
Insert into EPOSADAR.MEETING (DCODE,CNO,SNO,BLDNUMBER,ROOMNUMBER,MEETINGDAY,BEGINTIME,ENDTIME) values ('ART',101,2,'ARB',303,'M ','8:00','9:15');
Insert into EPOSADAR.MEETING (DCODE,CNO,SNO,BLDNUMBER,ROOMNUMBER,MEETINGDAY,BEGINTIME,ENDTIME) values ('ART',103,1,'MUB',303,'W ','10:00','12:15');
Insert into EPOSADAR.MEETING (DCODE,CNO,SNO,BLDNUMBER,ROOMNUMBER,MEETINGDAY,BEGINTIME,ENDTIME) values ('ART',200,1,'MUB',302,'W ','10:00','12:15');
Insert into EPOSADAR.MEETING (DCODE,CNO,SNO,BLDNUMBER,ROOMNUMBER,MEETINGDAY,BEGINTIME,ENDTIME) values ('ART',201,1,'MUB',301,'W ','10:00','12:15');
Insert into EPOSADAR.MEETING (DCODE,CNO,SNO,BLDNUMBER,ROOMNUMBER,MEETINGDAY,BEGINTIME,ENDTIME) values ('ART',203,1,'ARB',310,'W ','10:00','12:15');
Insert into EPOSADAR.MEETING (DCODE,CNO,SNO,BLDNUMBER,ROOMNUMBER,MEETINGDAY,BEGINTIME,ENDTIME) values ('ART',303,1,'ARB',309,'W ','10:00','12:15');
Insert into EPOSADAR.MEETING (DCODE,CNO,SNO,BLDNUMBER,ROOMNUMBER,MEETINGDAY,BEGINTIME,ENDTIME) values ('ART',319,1,'ARB',305,'T ','8:00','9:15');
Insert into EPOSADAR.MEETING (DCODE,CNO,SNO,BLDNUMBER,ROOMNUMBER,MEETINGDAY,BEGINTIME,ENDTIME) values ('ART',372,1,'ARB',308,'TR','8:00','9:15');
Insert into EPOSADAR.MEETING (DCODE,CNO,SNO,BLDNUMBER,ROOMNUMBER,MEETINGDAY,BEGINTIME,ENDTIME) values ('ART',374,1,'ARB',307,'M ','8:00','9:15');
Insert into EPOSADAR.MEETING (DCODE,CNO,SNO,BLDNUMBER,ROOMNUMBER,MEETINGDAY,BEGINTIME,ENDTIME) values ('ART',382,1,'ARB',306,'M ','8:00','9:15');
Insert into EPOSADAR.MEETING (DCODE,CNO,SNO,BLDNUMBER,ROOMNUMBER,MEETINGDAY,BEGINTIME,ENDTIME) values ('ART',399,1,'ARB',304,'M ','8:00','9:15');
Insert into EPOSADAR.MEETING (DCODE,CNO,SNO,BLDNUMBER,ROOMNUMBER,MEETINGDAY,BEGINTIME,ENDTIME) values ('ART',420,1,'MUB',304,'F ','10:00','12:15');
Insert into EPOSADAR.MEETING (DCODE,CNO,SNO,BLDNUMBER,ROOMNUMBER,MEETINGDAY,BEGINTIME,ENDTIME) values ('ART',440,1,'ARB',301,'M ','8:00','9:15');
Insert into EPOSADAR.MEETING (DCODE,CNO,SNO,BLDNUMBER,ROOMNUMBER,MEETINGDAY,BEGINTIME,ENDTIME) values ('CS',100,1,'EGB',307,'TR','3:00','4:30');
Insert into EPOSADAR.MEETING (DCODE,CNO,SNO,BLDNUMBER,ROOMNUMBER,MEETINGDAY,BEGINTIME,ENDTIME) values ('CS',101,1,'EGB',308,'F ','3:00','4:30');
Insert into EPOSADAR.MEETING (DCODE,CNO,SNO,BLDNUMBER,ROOMNUMBER,MEETINGDAY,BEGINTIME,ENDTIME) values ('CS',105,1,'EGB',305,'F ','3:00','4:30');
Insert into EPOSADAR.MEETING (DCODE,CNO,SNO,BLDNUMBER,ROOMNUMBER,MEETINGDAY,BEGINTIME,ENDTIME) values ('CS',112,1,'EGB',309,'F ','3:00','4:30');
Insert into EPOSADAR.MEETING (DCODE,CNO,SNO,BLDNUMBER,ROOMNUMBER,MEETINGDAY,BEGINTIME,ENDTIME) values ('CS',211,1,'EGB',310,'M ','3:00','4:30');
Insert into EPOSADAR.MEETING (DCODE,CNO,SNO,BLDNUMBER,ROOMNUMBER,MEETINGDAY,BEGINTIME,ENDTIME) values ('CS',222,1,'ARB',301,'M ','3:00','4:30');
Insert into EPOSADAR.MEETING (DCODE,CNO,SNO,BLDNUMBER,ROOMNUMBER,MEETINGDAY,BEGINTIME,ENDTIME) values ('CS',225,1,'ARB',302,'M ','3:00','4:30');
Insert into EPOSADAR.MEETING (DCODE,CNO,SNO,BLDNUMBER,ROOMNUMBER,MEETINGDAY,BEGINTIME,ENDTIME) values ('CS',262,1,'ARB',303,'T ','3:00','4:30');
Insert into EPOSADAR.MEETING (DCODE,CNO,SNO,BLDNUMBER,ROOMNUMBER,MEETINGDAY,BEGINTIME,ENDTIME) values ('CS',306,1,'ARB',304,'F ','3:00','4:30');
Insert into EPOSADAR.MEETING (DCODE,CNO,SNO,BLDNUMBER,ROOMNUMBER,MEETINGDAY,BEGINTIME,ENDTIME) values ('CS',310,1,'ARB',306,'W ','3:00','4:30');
Insert into EPOSADAR.MEETING (DCODE,CNO,SNO,BLDNUMBER,ROOMNUMBER,MEETINGDAY,BEGINTIME,ENDTIME) values ('CS',321,1,'ARB',307,'T ','6:30','7:45');
Insert into EPOSADAR.MEETING (DCODE,CNO,SNO,BLDNUMBER,ROOMNUMBER,MEETINGDAY,BEGINTIME,ENDTIME) values ('CS',330,1,'ARB',308,'T ','6:30','7:45');
Insert into EPOSADAR.MEETING (DCODE,CNO,SNO,BLDNUMBER,ROOMNUMBER,MEETINGDAY,BEGINTIME,ENDTIME) values ('CS',332,1,'ARB',305,'T ','6:30','7:45');
Insert into EPOSADAR.MEETING (DCODE,CNO,SNO,BLDNUMBER,ROOMNUMBER,MEETINGDAY,BEGINTIME,ENDTIME) values ('CS',367,1,'ARB',309,'T ','6:30','7:45');
Insert into EPOSADAR.MEETING (DCODE,CNO,SNO,BLDNUMBER,ROOMNUMBER,MEETINGDAY,BEGINTIME,ENDTIME) values ('CS',390,1,'ARB',310,'M ','6:30','7:45');
Insert into EPOSADAR.MEETING (DCODE,CNO,SNO,BLDNUMBER,ROOMNUMBER,MEETINGDAY,BEGINTIME,ENDTIME) values ('CS',425,1,'EGB',301,'M ','6:30','7:45');
Insert into EPOSADAR.MEETING (DCODE,CNO,SNO,BLDNUMBER,ROOMNUMBER,MEETINGDAY,BEGINTIME,ENDTIME) values ('CS',450,1,'EGB',302,'W ','6:30','7:45');
Insert into EPOSADAR.MEETING (DCODE,CNO,SNO,BLDNUMBER,ROOMNUMBER,MEETINGDAY,BEGINTIME,ENDTIME) values ('CS',455,1,'EGB',303,'TR','6:30','7:45');
Insert into EPOSADAR.MEETING (DCODE,CNO,SNO,BLDNUMBER,ROOMNUMBER,MEETINGDAY,BEGINTIME,ENDTIME) values ('CS',465,1,'EGB',304,'TR','6:30','7:45');
Insert into EPOSADAR.MEETING (DCODE,CNO,SNO,BLDNUMBER,ROOMNUMBER,MEETINGDAY,BEGINTIME,ENDTIME) values ('CS',477,1,'EGB',306,'F ','6:30','7:45');
Insert into EPOSADAR.MEETING (DCODE,CNO,SNO,BLDNUMBER,ROOMNUMBER,MEETINGDAY,BEGINTIME,ENDTIME) values ('CS',483,1,'EGB',307,'F ','6:30','7:45');
Insert into EPOSADAR.MEETING (DCODE,CNO,SNO,BLDNUMBER,ROOMNUMBER,MEETINGDAY,BEGINTIME,ENDTIME) values ('ENGH',100,1,'MUB',306,'W ','10:00','12:15');
Insert into EPOSADAR.MEETING (DCODE,CNO,SNO,BLDNUMBER,ROOMNUMBER,MEETINGDAY,BEGINTIME,ENDTIME) values ('ENGH',101,1,'MUB',307,'F ','10:00','12:15');
Insert into EPOSADAR.MEETING (DCODE,CNO,SNO,BLDNUMBER,ROOMNUMBER,MEETINGDAY,BEGINTIME,ENDTIME) values ('ENGH',201,1,'MUB',308,'W ','10:00','12:15');
Insert into EPOSADAR.MEETING (DCODE,CNO,SNO,BLDNUMBER,ROOMNUMBER,MEETINGDAY,BEGINTIME,ENDTIME) values ('ENGH',202,1,'MUB',305,'TR','10:00','12:15');
Insert into EPOSADAR.MEETING (DCODE,CNO,SNO,BLDNUMBER,ROOMNUMBER,MEETINGDAY,BEGINTIME,ENDTIME) values ('ENGH',203,1,'MUB',309,'TR','10:00','12:15');
Insert into EPOSADAR.MEETING (DCODE,CNO,SNO,BLDNUMBER,ROOMNUMBER,MEETINGDAY,BEGINTIME,ENDTIME) values ('ENGH',302,11,'EGB',306,'TR','3:00','4:30');
Insert into EPOSADAR.MEETING (DCODE,CNO,SNO,BLDNUMBER,ROOMNUMBER,MEETINGDAY,BEGINTIME,ENDTIME) values ('ENGH',303,1,'EGB',301,'F ','10:00','12:15');
Insert into EPOSADAR.MEETING (DCODE,CNO,SNO,BLDNUMBER,ROOMNUMBER,MEETINGDAY,BEGINTIME,ENDTIME) values ('ENGH',305,1,'EGB',302,'TR','3:00','4:30');
Insert into EPOSADAR.MEETING (DCODE,CNO,SNO,BLDNUMBER,ROOMNUMBER,MEETINGDAY,BEGINTIME,ENDTIME) values ('ENGH',307,1,'EGB',303,'TR','3:00','4:30');
Insert into EPOSADAR.MEETING (DCODE,CNO,SNO,BLDNUMBER,ROOMNUMBER,MEETINGDAY,BEGINTIME,ENDTIME) values ('ENGH',308,1,'EGB',304,'TR','3:00','4:30');
Insert into EPOSADAR.MEETING (DCODE,CNO,SNO,BLDNUMBER,ROOMNUMBER,MEETINGDAY,BEGINTIME,ENDTIME) values ('ENGH',315,1,'MUB',310,'T ','10:00','12:15');
REM INSERTING into EPOSADAR.OFFICE
SET DEFINE OFF;
Insert into EPOSADAR.OFFICE (BLD,ROOM,AREA) values ('EGB',430,80);
Insert into EPOSADAR.OFFICE (BLD,ROOM,AREA) values ('EGB',532,80);
Insert into EPOSADAR.OFFICE (BLD,ROOM,AREA) values ('EGB',442,80);
Insert into EPOSADAR.OFFICE (BLD,ROOM,AREA) values ('EGB',530,70);
Insert into EPOSADAR.OFFICE (BLD,ROOM,AREA) values ('EGB',420,70);
Insert into EPOSADAR.OFFICE (BLD,ROOM,AREA) values ('EGB',441,70);
Insert into EPOSADAR.OFFICE (BLD,ROOM,AREA) values ('EGB',531,65);
Insert into EPOSADAR.OFFICE (BLD,ROOM,AREA) values ('EGB',444,65);
Insert into EPOSADAR.OFFICE (BLD,ROOM,AREA) values ('EGB',319,70);
Insert into EPOSADAR.OFFICE (BLD,ROOM,AREA) values ('EGB',445,80);
Insert into EPOSADAR.OFFICE (BLD,ROOM,AREA) values ('EGB',440,65);
Insert into EPOSADAR.OFFICE (BLD,ROOM,AREA) values ('ARB',121,65);
Insert into EPOSADAR.OFFICE (BLD,ROOM,AREA) values ('ARB',324,65);
Insert into EPOSADAR.OFFICE (BLD,ROOM,AREA) values ('ARB',423,66);
Insert into EPOSADAR.OFFICE (BLD,ROOM,AREA) values ('ARB',134,65);
Insert into EPOSADAR.OFFICE (BLD,ROOM,AREA) values ('ENB',245,70);
Insert into EPOSADAR.OFFICE (BLD,ROOM,AREA) values ('ENB',242,75);
Insert into EPOSADAR.OFFICE (BLD,ROOM,AREA) values ('ENB',267,70);
Insert into EPOSADAR.OFFICE (BLD,ROOM,AREA) values ('ENB',268,70);
Insert into EPOSADAR.OFFICE (BLD,ROOM,AREA) values ('ENB',269,70);
Insert into EPOSADAR.OFFICE (BLD,ROOM,AREA) values ('ENB',270,70);
Insert into EPOSADAR.OFFICE (BLD,ROOM,AREA) values ('ENB',271,70);
Insert into EPOSADAR.OFFICE (BLD,ROOM,AREA) values ('ENB',272,70);
Insert into EPOSADAR.OFFICE (BLD,ROOM,AREA) values ('ENB',273,80);
Insert into EPOSADAR.OFFICE (BLD,ROOM,AREA) values ('ENB',274,70);
Insert into EPOSADAR.OFFICE (BLD,ROOM,AREA) values ('ENB',275,70);
Insert into EPOSADAR.OFFICE (BLD,ROOM,AREA) values ('MUB',201,75);
Insert into EPOSADAR.OFFICE (BLD,ROOM,AREA) values ('MUB',202,75);
Insert into EPOSADAR.OFFICE (BLD,ROOM,AREA) values ('MUB',203,75);
Insert into EPOSADAR.OFFICE (BLD,ROOM,AREA) values ('MUB',204,75);
Insert into EPOSADAR.OFFICE (BLD,ROOM,AREA) values ('MUB',205,75);
Insert into EPOSADAR.OFFICE (BLD,ROOM,AREA) values ('ARB',345,76);
REM INSERTING into EPOSADAR.OFFICEHOUR
SET DEFINE OFF;
Insert into EPOSADAR.OFFICEHOUR (FUID,MEETINGDAY,BEGINTIME,ENDTIME) values ('10       ','T ','2:45','3:30');
Insert into EPOSADAR.OFFICEHOUR (FUID,MEETINGDAY,BEGINTIME,ENDTIME) values ('11       ','W ','12:00','1:00');
Insert into EPOSADAR.OFFICEHOUR (FUID,MEETINGDAY,BEGINTIME,ENDTIME) values ('12       ','W ','3:30','5:00');
Insert into EPOSADAR.OFFICEHOUR (FUID,MEETINGDAY,BEGINTIME,ENDTIME) values ('13       ','W ','2:45','3:30');
Insert into EPOSADAR.OFFICEHOUR (FUID,MEETINGDAY,BEGINTIME,ENDTIME) values ('14       ','W ','12:00','1:00');
Insert into EPOSADAR.OFFICEHOUR (FUID,MEETINGDAY,BEGINTIME,ENDTIME) values ('15       ','TR','3:30','5:00');
Insert into EPOSADAR.OFFICEHOUR (FUID,MEETINGDAY,BEGINTIME,ENDTIME) values ('16       ','TR','2:45','3:30');
Insert into EPOSADAR.OFFICEHOUR (FUID,MEETINGDAY,BEGINTIME,ENDTIME) values ('17       ','TR','12:00','1:00');
Insert into EPOSADAR.OFFICEHOUR (FUID,MEETINGDAY,BEGINTIME,ENDTIME) values ('18       ','TR','3:30','5:00');
Insert into EPOSADAR.OFFICEHOUR (FUID,MEETINGDAY,BEGINTIME,ENDTIME) values ('19       ','TR','2:45','3:30');
Insert into EPOSADAR.OFFICEHOUR (FUID,MEETINGDAY,BEGINTIME,ENDTIME) values ('20       ','TR','12:00','1:00');
Insert into EPOSADAR.OFFICEHOUR (FUID,MEETINGDAY,BEGINTIME,ENDTIME) values ('21       ','TR','3:30','5:00');
Insert into EPOSADAR.OFFICEHOUR (FUID,MEETINGDAY,BEGINTIME,ENDTIME) values ('26       ','F ','2:45','3:30');
Insert into EPOSADAR.OFFICEHOUR (FUID,MEETINGDAY,BEGINTIME,ENDTIME) values ('3        ','M ','3:30','5:00');
Insert into EPOSADAR.OFFICEHOUR (FUID,MEETINGDAY,BEGINTIME,ENDTIME) values ('4        ','M ','2:45','3:30');
Insert into EPOSADAR.OFFICEHOUR (FUID,MEETINGDAY,BEGINTIME,ENDTIME) values ('5        ','M ','12:00','1:00');
Insert into EPOSADAR.OFFICEHOUR (FUID,MEETINGDAY,BEGINTIME,ENDTIME) values ('6        ','M ','3:30','5:00');
Insert into EPOSADAR.OFFICEHOUR (FUID,MEETINGDAY,BEGINTIME,ENDTIME) values ('7        ','T ','2:45','3:30');
Insert into EPOSADAR.OFFICEHOUR (FUID,MEETINGDAY,BEGINTIME,ENDTIME) values ('8        ','T ','12:00','1:00');
Insert into EPOSADAR.OFFICEHOUR (FUID,MEETINGDAY,BEGINTIME,ENDTIME) values ('9        ','T ','3:30','5:00');
REM INSERTING into EPOSADAR.PREREQ
SET DEFINE OFF;
Insert into EPOSADAR.PREREQ (DCODE,CNO,PCODE,PCNO) values ('ART',102,'ART',101);
Insert into EPOSADAR.PREREQ (DCODE,CNO,PCODE,PCNO) values ('ART',103,'ART',102);
Insert into EPOSADAR.PREREQ (DCODE,CNO,PCODE,PCNO) values ('ART',200,'ART',103);
Insert into EPOSADAR.PREREQ (DCODE,CNO,PCODE,PCNO) values ('ART',201,'ART',200);
Insert into EPOSADAR.PREREQ (DCODE,CNO,PCODE,PCNO) values ('ART',203,'ART',201);
Insert into EPOSADAR.PREREQ (DCODE,CNO,PCODE,PCNO) values ('ART',303,'ART',200);
Insert into EPOSADAR.PREREQ (DCODE,CNO,PCODE,PCNO) values ('ART',319,'ART',102);
Insert into EPOSADAR.PREREQ (DCODE,CNO,PCODE,PCNO) values ('ART',324,'ART',103);
Insert into EPOSADAR.PREREQ (DCODE,CNO,PCODE,PCNO) values ('ART',340,'ART',201);
Insert into EPOSADAR.PREREQ (DCODE,CNO,PCODE,PCNO) values ('ART',371,'ART',200);
Insert into EPOSADAR.PREREQ (DCODE,CNO,PCODE,PCNO) values ('ART',372,'ART',303);
Insert into EPOSADAR.PREREQ (DCODE,CNO,PCODE,PCNO) values ('ART',374,'ART',372);
Insert into EPOSADAR.PREREQ (DCODE,CNO,PCODE,PCNO) values ('ART',382,'ART',374);
Insert into EPOSADAR.PREREQ (DCODE,CNO,PCODE,PCNO) values ('ART',399,'ART',303);
Insert into EPOSADAR.PREREQ (DCODE,CNO,PCODE,PCNO) values ('ART',420,'ART',399);
Insert into EPOSADAR.PREREQ (DCODE,CNO,PCODE,PCNO) values ('ART',440,'ART',460);
Insert into EPOSADAR.PREREQ (DCODE,CNO,PCODE,PCNO) values ('ART',460,'ART',420);
Insert into EPOSADAR.PREREQ (DCODE,CNO,PCODE,PCNO) values ('CS',105,'ENGH',201);
Insert into EPOSADAR.PREREQ (DCODE,CNO,PCODE,PCNO) values ('CS',211,'CS',112);
Insert into EPOSADAR.PREREQ (DCODE,CNO,PCODE,PCNO) values ('CS',222,'CS',112);
Insert into EPOSADAR.PREREQ (DCODE,CNO,PCODE,PCNO) values ('CS',262,'CS',112);
Insert into EPOSADAR.PREREQ (DCODE,CNO,PCODE,PCNO) values ('CS',306,'ENGH',302);
Insert into EPOSADAR.PREREQ (DCODE,CNO,PCODE,PCNO) values ('CS',310,'CS',211);
Insert into EPOSADAR.PREREQ (DCODE,CNO,PCODE,PCNO) values ('CS',321,'CS',211);
Insert into EPOSADAR.PREREQ (DCODE,CNO,PCODE,PCNO) values ('CS',330,'CS',211);
Insert into EPOSADAR.PREREQ (DCODE,CNO,PCODE,PCNO) values ('CS',332,'CS',211);
Insert into EPOSADAR.PREREQ (DCODE,CNO,PCODE,PCNO) values ('CS',367,'CS',262);
Insert into EPOSADAR.PREREQ (DCODE,CNO,PCODE,PCNO) values ('CS',390,'CS',310);
Insert into EPOSADAR.PREREQ (DCODE,CNO,PCODE,PCNO) values ('CS',425,'CS',310);
Insert into EPOSADAR.PREREQ (DCODE,CNO,PCODE,PCNO) values ('CS',450,'CS',310);
Insert into EPOSADAR.PREREQ (DCODE,CNO,PCODE,PCNO) values ('CS',450,'CS',330);
Insert into EPOSADAR.PREREQ (DCODE,CNO,PCODE,PCNO) values ('CS',450,'ENGH',201);
Insert into EPOSADAR.PREREQ (DCODE,CNO,PCODE,PCNO) values ('CS',451,'CS',450);
Insert into EPOSADAR.PREREQ (DCODE,CNO,PCODE,PCNO) values ('CS',455,'CS',451);
Insert into EPOSADAR.PREREQ (DCODE,CNO,PCODE,PCNO) values ('CS',465,'CS',310);
Insert into EPOSADAR.PREREQ (DCODE,CNO,PCODE,PCNO) values ('CS',471,'CS',306);
Insert into EPOSADAR.PREREQ (DCODE,CNO,PCODE,PCNO) values ('CS',471,'CS',310);
Insert into EPOSADAR.PREREQ (DCODE,CNO,PCODE,PCNO) values ('CS',471,'CS',321);
Insert into EPOSADAR.PREREQ (DCODE,CNO,PCODE,PCNO) values ('CS',471,'CS',330);
Insert into EPOSADAR.PREREQ (DCODE,CNO,PCODE,PCNO) values ('CS',471,'CS',332);
Insert into EPOSADAR.PREREQ (DCODE,CNO,PCODE,PCNO) values ('CS',471,'CS',367);
Insert into EPOSADAR.PREREQ (DCODE,CNO,PCODE,PCNO) values ('CS',471,'CS',390);
Insert into EPOSADAR.PREREQ (DCODE,CNO,PCODE,PCNO) values ('CS',471,'CS',465);
Insert into EPOSADAR.PREREQ (DCODE,CNO,PCODE,PCNO) values ('CS',477,'CS',306);
Insert into EPOSADAR.PREREQ (DCODE,CNO,PCODE,PCNO) values ('CS',477,'CS',310);
Insert into EPOSADAR.PREREQ (DCODE,CNO,PCODE,PCNO) values ('CS',477,'CS',321);
Insert into EPOSADAR.PREREQ (DCODE,CNO,PCODE,PCNO) values ('CS',477,'CS',330);
Insert into EPOSADAR.PREREQ (DCODE,CNO,PCODE,PCNO) values ('CS',477,'CS',332);
Insert into EPOSADAR.PREREQ (DCODE,CNO,PCODE,PCNO) values ('CS',477,'CS',367);
Insert into EPOSADAR.PREREQ (DCODE,CNO,PCODE,PCNO) values ('CS',477,'CS',390);
Insert into EPOSADAR.PREREQ (DCODE,CNO,PCODE,PCNO) values ('CS',477,'CS',471);
Insert into EPOSADAR.PREREQ (DCODE,CNO,PCODE,PCNO) values ('CS',480,'CS',477);
Insert into EPOSADAR.PREREQ (DCODE,CNO,PCODE,PCNO) values ('CS',482,'CS',480);
Insert into EPOSADAR.PREREQ (DCODE,CNO,PCODE,PCNO) values ('CS',483,'CS',310);
Insert into EPOSADAR.PREREQ (DCODE,CNO,PCODE,PCNO) values ('CS',485,'CS',483);
Insert into EPOSADAR.PREREQ (DCODE,CNO,PCODE,PCNO) values ('CS',499,'ENGH',302);
Insert into EPOSADAR.PREREQ (DCODE,CNO,PCODE,PCNO) values ('ENGH',201,'ENGH',100);
Insert into EPOSADAR.PREREQ (DCODE,CNO,PCODE,PCNO) values ('ENGH',202,'ENGH',101);
Insert into EPOSADAR.PREREQ (DCODE,CNO,PCODE,PCNO) values ('ENGH',203,'ENGH',201);
Insert into EPOSADAR.PREREQ (DCODE,CNO,PCODE,PCNO) values ('ENGH',302,'ENGH',202);
Insert into EPOSADAR.PREREQ (DCODE,CNO,PCODE,PCNO) values ('ENGH',303,'ENGH',203);
Insert into EPOSADAR.PREREQ (DCODE,CNO,PCODE,PCNO) values ('ENGH',305,'ENGH',302);
Insert into EPOSADAR.PREREQ (DCODE,CNO,PCODE,PCNO) values ('ENGH',307,'ENGH',303);
Insert into EPOSADAR.PREREQ (DCODE,CNO,PCODE,PCNO) values ('ENGH',308,'ENGH',305);
Insert into EPOSADAR.PREREQ (DCODE,CNO,PCODE,PCNO) values ('ENGH',315,'ENGH',307);
REM INSERTING into EPOSADAR.SECTION
SET DEFINE OFF;
Insert into EPOSADAR.SECTION (DCODE,CNO,SNO,INSTRUCTORID) values ('ART',440,1,'17       ');
Insert into EPOSADAR.SECTION (DCODE,CNO,SNO,INSTRUCTORID) values ('ART',101,1,'15       ');
Insert into EPOSADAR.SECTION (DCODE,CNO,SNO,INSTRUCTORID) values ('ART',101,2,'15       ');
Insert into EPOSADAR.SECTION (DCODE,CNO,SNO,INSTRUCTORID) values ('ART',399,1,'12       ');
Insert into EPOSADAR.SECTION (DCODE,CNO,SNO,INSTRUCTORID) values ('ART',382,1,'17       ');
Insert into EPOSADAR.SECTION (DCODE,CNO,SNO,INSTRUCTORID) values ('ART',374,1,'16       ');
Insert into EPOSADAR.SECTION (DCODE,CNO,SNO,INSTRUCTORID) values ('ART',372,1,'12       ');
Insert into EPOSADAR.SECTION (DCODE,CNO,SNO,INSTRUCTORID) values ('ART',319,1,'20       ');
Insert into EPOSADAR.SECTION (DCODE,CNO,SNO,INSTRUCTORID) values ('ART',303,1,'23       ');
Insert into EPOSADAR.SECTION (DCODE,CNO,SNO,INSTRUCTORID) values ('ART',203,1,'22       ');
Insert into EPOSADAR.SECTION (DCODE,CNO,SNO,INSTRUCTORID) values ('ART',201,1,'13       ');
Insert into EPOSADAR.SECTION (DCODE,CNO,SNO,INSTRUCTORID) values ('ART',200,1,'13       ');
Insert into EPOSADAR.SECTION (DCODE,CNO,SNO,INSTRUCTORID) values ('ART',103,1,'16       ');
Insert into EPOSADAR.SECTION (DCODE,CNO,SNO,INSTRUCTORID) values ('ART',420,1,'7        ');
Insert into EPOSADAR.SECTION (DCODE,CNO,SNO,INSTRUCTORID) values ('ENGH',100,1,'19       ');
Insert into EPOSADAR.SECTION (DCODE,CNO,SNO,INSTRUCTORID) values ('ENGH',101,1,'20       ');
Insert into EPOSADAR.SECTION (DCODE,CNO,SNO,INSTRUCTORID) values ('ENGH',201,1,'18       ');
Insert into EPOSADAR.SECTION (DCODE,CNO,SNO,INSTRUCTORID) values ('ENGH',202,1,'20       ');
Insert into EPOSADAR.SECTION (DCODE,CNO,SNO,INSTRUCTORID) values ('ENGH',203,1,'21       ');
Insert into EPOSADAR.SECTION (DCODE,CNO,SNO,INSTRUCTORID) values ('ENGH',315,1,'22       ');
Insert into EPOSADAR.SECTION (DCODE,CNO,SNO,INSTRUCTORID) values ('ENGH',303,1,'21       ');
Insert into EPOSADAR.SECTION (DCODE,CNO,SNO,INSTRUCTORID) values ('ENGH',305,1,'26       ');
Insert into EPOSADAR.SECTION (DCODE,CNO,SNO,INSTRUCTORID) values ('ENGH',307,1,'26       ');
Insert into EPOSADAR.SECTION (DCODE,CNO,SNO,INSTRUCTORID) values ('ENGH',308,1,'25       ');
Insert into EPOSADAR.SECTION (DCODE,CNO,SNO,INSTRUCTORID) values ('ENGH',302,11,'24       ');
Insert into EPOSADAR.SECTION (DCODE,CNO,SNO,INSTRUCTORID) values ('MUS',101,1,'3        ');
Insert into EPOSADAR.SECTION (DCODE,CNO,SNO,INSTRUCTORID) values ('CS',100,1,'1        ');
Insert into EPOSADAR.SECTION (DCODE,CNO,SNO,INSTRUCTORID) values ('CS',101,1,'6        ');
Insert into EPOSADAR.SECTION (DCODE,CNO,SNO,INSTRUCTORID) values ('CS',105,1,'8        ');
Insert into EPOSADAR.SECTION (DCODE,CNO,SNO,INSTRUCTORID) values ('CS',112,1,'11       ');
Insert into EPOSADAR.SECTION (DCODE,CNO,SNO,INSTRUCTORID) values ('CS',211,1,'3        ');
Insert into EPOSADAR.SECTION (DCODE,CNO,SNO,INSTRUCTORID) values ('CS',222,1,'6        ');
Insert into EPOSADAR.SECTION (DCODE,CNO,SNO,INSTRUCTORID) values ('CS',225,1,'1        ');
Insert into EPOSADAR.SECTION (DCODE,CNO,SNO,INSTRUCTORID) values ('CS',262,1,'5        ');
Insert into EPOSADAR.SECTION (DCODE,CNO,SNO,INSTRUCTORID) values ('CS',306,1,'5        ');
Insert into EPOSADAR.SECTION (DCODE,CNO,SNO,INSTRUCTORID) values ('CS',310,1,'7        ');
Insert into EPOSADAR.SECTION (DCODE,CNO,SNO,INSTRUCTORID) values ('CS',321,1,'7        ');
Insert into EPOSADAR.SECTION (DCODE,CNO,SNO,INSTRUCTORID) values ('CS',330,1,'8        ');
Insert into EPOSADAR.SECTION (DCODE,CNO,SNO,INSTRUCTORID) values ('CS',332,1,'9        ');
Insert into EPOSADAR.SECTION (DCODE,CNO,SNO,INSTRUCTORID) values ('CS',367,1,'9        ');
Insert into EPOSADAR.SECTION (DCODE,CNO,SNO,INSTRUCTORID) values ('CS',390,1,'10       ');
Insert into EPOSADAR.SECTION (DCODE,CNO,SNO,INSTRUCTORID) values ('CS',425,1,'10       ');
Insert into EPOSADAR.SECTION (DCODE,CNO,SNO,INSTRUCTORID) values ('CS',450,1,'11       ');
Insert into EPOSADAR.SECTION (DCODE,CNO,SNO,INSTRUCTORID) values ('CS',455,1,'2        ');
Insert into EPOSADAR.SECTION (DCODE,CNO,SNO,INSTRUCTORID) values ('CS',465,1,'2        ');
Insert into EPOSADAR.SECTION (DCODE,CNO,SNO,INSTRUCTORID) values ('CS',477,1,'4        ');
Insert into EPOSADAR.SECTION (DCODE,CNO,SNO,INSTRUCTORID) values ('CS',483,1,'4        ');
Insert into EPOSADAR.SECTION (DCODE,CNO,SNO,INSTRUCTORID) values ('MUS',102,1,'3        ');
Insert into EPOSADAR.SECTION (DCODE,CNO,SNO,INSTRUCTORID) values ('MUS',103,1,'3        ');
REM INSERTING into EPOSADAR.STUDENT
SET DEFINE OFF;
Insert into EPOSADAR.STUDENT (SUID,SNAME,STATUS,MAJOR) values ('50       ','Manuela','Undergraduate','CS');
Insert into EPOSADAR.STUDENT (SUID,SNAME,STATUS,MAJOR) values ('51       ','Carissa','Undergraduate','CS');
Insert into EPOSADAR.STUDENT (SUID,SNAME,STATUS,MAJOR) values ('52       ','Rosamond  ','Undergraduate','CS');
Insert into EPOSADAR.STUDENT (SUID,SNAME,STATUS,MAJOR) values ('53       ','Hyon  ','Undergraduate','CS');
Insert into EPOSADAR.STUDENT (SUID,SNAME,STATUS,MAJOR) values ('54       ','Lea  ','Undergraduate','CS');
Insert into EPOSADAR.STUDENT (SUID,SNAME,STATUS,MAJOR) values ('55       ','Katina  ','Graduate','CS');
Insert into EPOSADAR.STUDENT (SUID,SNAME,STATUS,MAJOR) values ('56       ','Cherilyn  ','Graduate','CS');
Insert into EPOSADAR.STUDENT (SUID,SNAME,STATUS,MAJOR) values ('57       ','Devon  ','Undergraduate','CS');
Insert into EPOSADAR.STUDENT (SUID,SNAME,STATUS,MAJOR) values ('58       ','Zetta  ','Undergraduate','CS');
Insert into EPOSADAR.STUDENT (SUID,SNAME,STATUS,MAJOR) values ('59       ','Ferdinand  ','Undergraduate','ART');
Insert into EPOSADAR.STUDENT (SUID,SNAME,STATUS,MAJOR) values ('60       ','Linette  ','Undergraduate','ART');
Insert into EPOSADAR.STUDENT (SUID,SNAME,STATUS,MAJOR) values ('61       ','Caroyln  ','Undergraduate','ART');
Insert into EPOSADAR.STUDENT (SUID,SNAME,STATUS,MAJOR) values ('62       ','Kandice  ','Undergraduate','ART');
Insert into EPOSADAR.STUDENT (SUID,SNAME,STATUS,MAJOR) values ('63       ','Christine  ','Undergraduate','ART');
Insert into EPOSADAR.STUDENT (SUID,SNAME,STATUS,MAJOR) values ('64       ','Lawerence  ','Undergraduate','ART');
Insert into EPOSADAR.STUDENT (SUID,SNAME,STATUS,MAJOR) values ('65       ','Song  ','Undergraduate','ART');
Insert into EPOSADAR.STUDENT (SUID,SNAME,STATUS,MAJOR) values ('66       ','Xavier  ','Undergraduate','ART');
Insert into EPOSADAR.STUDENT (SUID,SNAME,STATUS,MAJOR) values ('67       ','Sage  ','non-degree','ART');
Insert into EPOSADAR.STUDENT (SUID,SNAME,STATUS,MAJOR) values ('68       ','Damion  ','Graduate','ART');
Insert into EPOSADAR.STUDENT (SUID,SNAME,STATUS,MAJOR) values ('69       ','Basil  ','Graduate','ENGH');
Insert into EPOSADAR.STUDENT (SUID,SNAME,STATUS,MAJOR) values ('70       ','Gus  ','Undergraduate','ENGH');
Insert into EPOSADAR.STUDENT (SUID,SNAME,STATUS,MAJOR) values ('71       ','Mohammed  ','Undergraduate','ENGH');
Insert into EPOSADAR.STUDENT (SUID,SNAME,STATUS,MAJOR) values ('72       ','Neely  ','Undergraduate','ENGH');
Insert into EPOSADAR.STUDENT (SUID,SNAME,STATUS,MAJOR) values ('73       ','Blair  ','Undergraduate','ENGH');
Insert into EPOSADAR.STUDENT (SUID,SNAME,STATUS,MAJOR) values ('74       ','Susana  ','Undergraduate','ENGH');
Insert into EPOSADAR.STUDENT (SUID,SNAME,STATUS,MAJOR) values ('75       ','Tarah  ','Undergraduate','ENGH');
Insert into EPOSADAR.STUDENT (SUID,SNAME,STATUS,MAJOR) values ('76       ','Roselee  ','Undergraduate','ENGH');
Insert into EPOSADAR.STUDENT (SUID,SNAME,STATUS,MAJOR) values ('77       ','Roland  ','Undergraduate','ENGH');
Insert into EPOSADAR.STUDENT (SUID,SNAME,STATUS,MAJOR) values ('78       ','Sheba','Graduate','ENGH');
Insert into EPOSADAR.STUDENT (SUID,SNAME,STATUS,MAJOR) values ('79       ','Tegan','Undergraduate','CS');
REM INSERTING into EPOSADAR.TEACHINGSLOT
SET DEFINE OFF;
Insert into EPOSADAR.TEACHINGSLOT (MEETINGDAY,BEGINTIME,ENDTIME) values ('F ','10:00','12:15');
Insert into EPOSADAR.TEACHINGSLOT (MEETINGDAY,BEGINTIME,ENDTIME) values ('F ','2:45','3:30');
Insert into EPOSADAR.TEACHINGSLOT (MEETINGDAY,BEGINTIME,ENDTIME) values ('F ','3:00','4:30');
Insert into EPOSADAR.TEACHINGSLOT (MEETINGDAY,BEGINTIME,ENDTIME) values ('F ','6:30','7:45');
Insert into EPOSADAR.TEACHINGSLOT (MEETINGDAY,BEGINTIME,ENDTIME) values ('M ','12:00','1:00');
Insert into EPOSADAR.TEACHINGSLOT (MEETINGDAY,BEGINTIME,ENDTIME) values ('M ','2:45','3:30');
Insert into EPOSADAR.TEACHINGSLOT (MEETINGDAY,BEGINTIME,ENDTIME) values ('M ','3:00','4:30');
Insert into EPOSADAR.TEACHINGSLOT (MEETINGDAY,BEGINTIME,ENDTIME) values ('M ','3:30','5:00');
Insert into EPOSADAR.TEACHINGSLOT (MEETINGDAY,BEGINTIME,ENDTIME) values ('M ','3:30','6:00');
Insert into EPOSADAR.TEACHINGSLOT (MEETINGDAY,BEGINTIME,ENDTIME) values ('M ','6:30','7:45');
Insert into EPOSADAR.TEACHINGSLOT (MEETINGDAY,BEGINTIME,ENDTIME) values ('M ','8:00','9:15');
Insert into EPOSADAR.TEACHINGSLOT (MEETINGDAY,BEGINTIME,ENDTIME) values ('T ','10:00','12:15');
Insert into EPOSADAR.TEACHINGSLOT (MEETINGDAY,BEGINTIME,ENDTIME) values ('T ','12:00','1:00');
Insert into EPOSADAR.TEACHINGSLOT (MEETINGDAY,BEGINTIME,ENDTIME) values ('T ','2:45','3:20');
Insert into EPOSADAR.TEACHINGSLOT (MEETINGDAY,BEGINTIME,ENDTIME) values ('T ','2:45','3:30');
Insert into EPOSADAR.TEACHINGSLOT (MEETINGDAY,BEGINTIME,ENDTIME) values ('T ','3:00','4:30');
Insert into EPOSADAR.TEACHINGSLOT (MEETINGDAY,BEGINTIME,ENDTIME) values ('T ','3:30','5:00');
Insert into EPOSADAR.TEACHINGSLOT (MEETINGDAY,BEGINTIME,ENDTIME) values ('T ','6:30','7:45');
Insert into EPOSADAR.TEACHINGSLOT (MEETINGDAY,BEGINTIME,ENDTIME) values ('T ','8:00','9:15');
Insert into EPOSADAR.TEACHINGSLOT (MEETINGDAY,BEGINTIME,ENDTIME) values ('TR','10:00','12:15');
Insert into EPOSADAR.TEACHINGSLOT (MEETINGDAY,BEGINTIME,ENDTIME) values ('TR','12:00','1:00');
Insert into EPOSADAR.TEACHINGSLOT (MEETINGDAY,BEGINTIME,ENDTIME) values ('TR','12:00','7:00');
Insert into EPOSADAR.TEACHINGSLOT (MEETINGDAY,BEGINTIME,ENDTIME) values ('TR','2:45','3:20');
Insert into EPOSADAR.TEACHINGSLOT (MEETINGDAY,BEGINTIME,ENDTIME) values ('TR','2:45','3:30');
Insert into EPOSADAR.TEACHINGSLOT (MEETINGDAY,BEGINTIME,ENDTIME) values ('TR','3:00','4:30');
Insert into EPOSADAR.TEACHINGSLOT (MEETINGDAY,BEGINTIME,ENDTIME) values ('TR','3:30','4:00');
Insert into EPOSADAR.TEACHINGSLOT (MEETINGDAY,BEGINTIME,ENDTIME) values ('TR','3:30','4:10');
Insert into EPOSADAR.TEACHINGSLOT (MEETINGDAY,BEGINTIME,ENDTIME) values ('TR','3:30','5:00');
Insert into EPOSADAR.TEACHINGSLOT (MEETINGDAY,BEGINTIME,ENDTIME) values ('TR','6:30','7:45');
Insert into EPOSADAR.TEACHINGSLOT (MEETINGDAY,BEGINTIME,ENDTIME) values ('TR','8:00','9:15');
Insert into EPOSADAR.TEACHINGSLOT (MEETINGDAY,BEGINTIME,ENDTIME) values ('W ','10:00','12:15');
Insert into EPOSADAR.TEACHINGSLOT (MEETINGDAY,BEGINTIME,ENDTIME) values ('W ','12:00','1:00');
Insert into EPOSADAR.TEACHINGSLOT (MEETINGDAY,BEGINTIME,ENDTIME) values ('W ','12:00','2:00');
Insert into EPOSADAR.TEACHINGSLOT (MEETINGDAY,BEGINTIME,ENDTIME) values ('W ','2:45','3:30');
Insert into EPOSADAR.TEACHINGSLOT (MEETINGDAY,BEGINTIME,ENDTIME) values ('W ','3:00','4:30');
Insert into EPOSADAR.TEACHINGSLOT (MEETINGDAY,BEGINTIME,ENDTIME) values ('W ','3:30','5:00');
Insert into EPOSADAR.TEACHINGSLOT (MEETINGDAY,BEGINTIME,ENDTIME) values ('W ','6:30','7:45');
REM INSERTING into EPOSADAR.TRANSCRIPT
SET DEFINE OFF;
Insert into EPOSADAR.TRANSCRIPT (SUID,DCODE,CNO,GRADE) values ('50       ','CS',310,'B');
Insert into EPOSADAR.TRANSCRIPT (SUID,DCODE,CNO,GRADE) values ('50       ','CS',211,'A');
Insert into EPOSADAR.TRANSCRIPT (SUID,DCODE,CNO,GRADE) values ('50       ','CS',450,'B');
Insert into EPOSADAR.TRANSCRIPT (SUID,DCODE,CNO,GRADE) values ('50       ','CS',101,'A');
Insert into EPOSADAR.TRANSCRIPT (SUID,DCODE,CNO,GRADE) values ('55       ','CS',465,'B');
Insert into EPOSADAR.TRANSCRIPT (SUID,DCODE,CNO,GRADE) values ('55       ','CS',471,'B');
Insert into EPOSADAR.TRANSCRIPT (SUID,DCODE,CNO,GRADE) values ('55       ','CS',477,'B');
Insert into EPOSADAR.TRANSCRIPT (SUID,DCODE,CNO,GRADE) values ('55       ','CS',480,'A');
Insert into EPOSADAR.TRANSCRIPT (SUID,DCODE,CNO,GRADE) values ('55       ','CS',482,'B');
Insert into EPOSADAR.TRANSCRIPT (SUID,DCODE,CNO,GRADE) values ('55       ','CS',483,'B');
Insert into EPOSADAR.TRANSCRIPT (SUID,DCODE,CNO,GRADE) values ('55       ','CS',485,'B');
Insert into EPOSADAR.TRANSCRIPT (SUID,DCODE,CNO,GRADE) values ('55       ','CS',499,'A');
Insert into EPOSADAR.TRANSCRIPT (SUID,DCODE,CNO,GRADE) values ('55       ','CS',455,'B');
Insert into EPOSADAR.TRANSCRIPT (SUID,DCODE,CNO,GRADE) values ('55       ','CS',451,'B');
Insert into EPOSADAR.TRANSCRIPT (SUID,DCODE,CNO,GRADE) values ('55       ','CS',450,'B');
Insert into EPOSADAR.TRANSCRIPT (SUID,DCODE,CNO,GRADE) values ('55       ','CS',425,'A');
Insert into EPOSADAR.TRANSCRIPT (SUID,DCODE,CNO,GRADE) values ('55       ','CS',390,'B');
Insert into EPOSADAR.TRANSCRIPT (SUID,DCODE,CNO,GRADE) values ('55       ','CS',367,'B');
Insert into EPOSADAR.TRANSCRIPT (SUID,DCODE,CNO,GRADE) values ('55       ','CS',332,'B');
Insert into EPOSADAR.TRANSCRIPT (SUID,DCODE,CNO,GRADE) values ('55       ','CS',330,'A');
Insert into EPOSADAR.TRANSCRIPT (SUID,DCODE,CNO,GRADE) values ('55       ','CS',321,'B');
Insert into EPOSADAR.TRANSCRIPT (SUID,DCODE,CNO,GRADE) values ('55       ','CS',310,'B');
Insert into EPOSADAR.TRANSCRIPT (SUID,DCODE,CNO,GRADE) values ('55       ','CS',306,'B');
Insert into EPOSADAR.TRANSCRIPT (SUID,DCODE,CNO,GRADE) values ('55       ','CS',262,'A');
Insert into EPOSADAR.TRANSCRIPT (SUID,DCODE,CNO,GRADE) values ('55       ','CS',225,'B');
Insert into EPOSADAR.TRANSCRIPT (SUID,DCODE,CNO,GRADE) values ('55       ','CS',222,'B');
Insert into EPOSADAR.TRANSCRIPT (SUID,DCODE,CNO,GRADE) values ('55       ','CS',211,'B');
Insert into EPOSADAR.TRANSCRIPT (SUID,DCODE,CNO,GRADE) values ('55       ','CS',112,'A');
Insert into EPOSADAR.TRANSCRIPT (SUID,DCODE,CNO,GRADE) values ('55       ','CS',105,'B');
Insert into EPOSADAR.TRANSCRIPT (SUID,DCODE,CNO,GRADE) values ('55       ','CS',101,'B');
Insert into EPOSADAR.TRANSCRIPT (SUID,DCODE,CNO,GRADE) values ('55       ','CS',100,'B');
Insert into EPOSADAR.TRANSCRIPT (SUID,DCODE,CNO,GRADE) values ('53       ','CS',100,'A');
Insert into EPOSADAR.TRANSCRIPT (SUID,DCODE,CNO,GRADE) values ('55       ','ENGH',202,'B');
Insert into EPOSADAR.TRANSCRIPT (SUID,DCODE,CNO,GRADE) values ('55       ','ENGH',302,'A');
Insert into EPOSADAR.TRANSCRIPT (SUID,DCODE,CNO,GRADE) values ('60       ','ART',101,'B');
Insert into EPOSADAR.TRANSCRIPT (SUID,DCODE,CNO,GRADE) values ('70       ','ENGH',302,'C');
Insert into EPOSADAR.TRANSCRIPT (SUID,DCODE,CNO,GRADE) values ('76       ','ENGH',302,'B');
Insert into EPOSADAR.TRANSCRIPT (SUID,DCODE,CNO,GRADE) values ('53       ','CS',310,'A');
Insert into EPOSADAR.TRANSCRIPT (SUID,DCODE,CNO,GRADE) values ('53       ','CS',330,'B');
Insert into EPOSADAR.TRANSCRIPT (SUID,DCODE,CNO,GRADE) values ('53       ','ENGH',201,'A');
Insert into EPOSADAR.TRANSCRIPT (SUID,DCODE,CNO,GRADE) values ('55       ','ENGH',201,'B');
--------------------------------------------------------
--  Constraints for Table MEETING
--------------------------------------------------------

  ALTER TABLE "EPOSADAR"."MEETING" ADD CONSTRAINT "CHECKDAY" CHECK (MEETINGDAY IN ('M','T','W','TR','F')) ENABLE
 
  ALTER TABLE "EPOSADAR"."MEETING" ADD CONSTRAINT "MEETINGPK" PRIMARY KEY ("DCODE", "CNO", "SNO", "BLDNUMBER", "ROOMNUMBER", "MEETINGDAY", "BEGINTIME", "ENDTIME") ENABLE
--------------------------------------------------------
--  Constraints for Table TEACHINGSLOT
--------------------------------------------------------

  ALTER TABLE "EPOSADAR"."TEACHINGSLOT" ADD CHECK (MEETINGDAY IN ('M','T','W','TR','F')) ENABLE
 
  ALTER TABLE "EPOSADAR"."TEACHINGSLOT" ADD CONSTRAINT "TEACHINGSLOTPK" PRIMARY KEY ("MEETINGDAY", "BEGINTIME", "ENDTIME") ENABLE
--------------------------------------------------------
--  Constraints for Table CLASSROOM
--------------------------------------------------------

  ALTER TABLE "EPOSADAR"."CLASSROOM" ADD CONSTRAINT "CLASSROOMPK" PRIMARY KEY ("BLD", "ROOM") ENABLE
--------------------------------------------------------
--  Constraints for Table SECTION
--------------------------------------------------------

  ALTER TABLE "EPOSADAR"."SECTION" ADD CONSTRAINT "SECTIONPK" PRIMARY KEY ("DCODE", "CNO", "SNO") ENABLE
--------------------------------------------------------
--  Constraints for Table DEPARTMENT
--------------------------------------------------------

  ALTER TABLE "EPOSADAR"."DEPARTMENT" ADD CONSTRAINT "DPK" PRIMARY KEY ("DCODE") ENABLE
 
  ALTER TABLE "EPOSADAR"."DEPARTMENT" MODIFY ("DNAME" NOT NULL ENABLE)
--------------------------------------------------------
--  Constraints for Table PREREQ
--------------------------------------------------------

  ALTER TABLE "EPOSADAR"."PREREQ" ADD CONSTRAINT "PREREQPK" PRIMARY KEY ("DCODE", "CNO", "PCODE", "PCNO") ENABLE
--------------------------------------------------------
--  Constraints for Table FACULTY
--------------------------------------------------------

  ALTER TABLE "EPOSADAR"."FACULTY" ADD CONSTRAINT "CHECKRANK" CHECK ( RANK IN ('Professor', 'Associate Professor', 'Assistant Professor', 'Term Professor') ) ENABLE
 
  ALTER TABLE "EPOSADAR"."FACULTY" ADD CONSTRAINT "FPK" PRIMARY KEY ("FUID") ENABLE
--------------------------------------------------------
--  Constraints for Table COURSE
--------------------------------------------------------

  ALTER TABLE "EPOSADAR"."COURSE" ADD CONSTRAINT "CPK" PRIMARY KEY ("DCODE", "CNO") ENABLE
--------------------------------------------------------
--  Constraints for Table OFFICEHOUR
--------------------------------------------------------

  ALTER TABLE "EPOSADAR"."OFFICEHOUR" ADD CONSTRAINT "OFFICEHOURPK" PRIMARY KEY ("FUID", "MEETINGDAY", "BEGINTIME", "ENDTIME") ENABLE
 
  ALTER TABLE "EPOSADAR"."OFFICEHOUR" ADD CHECK (MEETINGDAY IN ('M','T','W','TR','F')) ENABLE
--------------------------------------------------------
--  Constraints for Table OFFICE
--------------------------------------------------------

  ALTER TABLE "EPOSADAR"."OFFICE" ADD CONSTRAINT "OFFICEPK" PRIMARY KEY ("BLD", "ROOM") ENABLE
--------------------------------------------------------
--  Constraints for Table ENROLL
--------------------------------------------------------

  ALTER TABLE "EPOSADAR"."ENROLL" ADD CONSTRAINT "ENROLLPK" PRIMARY KEY ("SUID", "DCODE", "CNO", "SNO") ENABLE
--------------------------------------------------------
--  Constraints for Table TRANSCRIPT
--------------------------------------------------------

  ALTER TABLE "EPOSADAR"."TRANSCRIPT" ADD CONSTRAINT "CHECKGRADE" CHECK ( GRADE IN('A','B','C','D','F')) ENABLE
 
  ALTER TABLE "EPOSADAR"."TRANSCRIPT" ADD CONSTRAINT "TRANSCRIPTPK" PRIMARY KEY ("SUID", "DCODE", "CNO") ENABLE
--------------------------------------------------------
--  Constraints for Table STUDENT
--------------------------------------------------------

  ALTER TABLE "EPOSADAR"."STUDENT" ADD CONSTRAINT "CHECKSTATUS" CHECK ( STATUS IN('Undergraduate','Graduate','non-degree')) ENABLE
 
  ALTER TABLE "EPOSADAR"."STUDENT" ADD CONSTRAINT "SPK" PRIMARY KEY ("SUID") ENABLE
--------------------------------------------------------
--  Ref Constraints for Table COURSE
--------------------------------------------------------

  ALTER TABLE "EPOSADAR"."COURSE" ADD CONSTRAINT "COURSEDCODEFK" FOREIGN KEY ("DCODE")
	  REFERENCES "EPOSADAR"."DEPARTMENT" ("DCODE") ENABLE
--------------------------------------------------------
--  Ref Constraints for Table DEPARTMENT
--------------------------------------------------------

  ALTER TABLE "EPOSADAR"."DEPARTMENT" ADD CONSTRAINT "DEPARTMENTFACULTYFK" FOREIGN KEY ("CHAIRUID")
	  REFERENCES "EPOSADAR"."FACULTY" ("FUID") ENABLE
 
  ALTER TABLE "EPOSADAR"."DEPARTMENT" ADD CONSTRAINT "DEPARTMENTOFFICEFK" FOREIGN KEY ("OFFICEBLD", "OFFICEROOM")
	  REFERENCES "EPOSADAR"."OFFICE" ("BLD", "ROOM") ENABLE
--------------------------------------------------------
--  Ref Constraints for Table ENROLL
--------------------------------------------------------

  ALTER TABLE "EPOSADAR"."ENROLL" ADD CONSTRAINT "ENROLLSECTIONFK" FOREIGN KEY ("DCODE", "CNO", "SNO")
	  REFERENCES "EPOSADAR"."SECTION" ("DCODE", "CNO", "SNO") ENABLE
 
  ALTER TABLE "EPOSADAR"."ENROLL" ADD CONSTRAINT "ENROLLSTUDENTFK" FOREIGN KEY ("SUID")
	  REFERENCES "EPOSADAR"."STUDENT" ("SUID") ENABLE
--------------------------------------------------------
--  Ref Constraints for Table FACULTY
--------------------------------------------------------

  ALTER TABLE "EPOSADAR"."FACULTY" ADD CONSTRAINT "FACULTYDCODE" FOREIGN KEY ("DCODE")
	  REFERENCES "EPOSADAR"."DEPARTMENT" ("DCODE") ENABLE
 
  ALTER TABLE "EPOSADAR"."FACULTY" ADD CONSTRAINT "FACULTYOFFICE" FOREIGN KEY ("OFFICEBLD", "OFFICEROOM")
	  REFERENCES "EPOSADAR"."OFFICE" ("BLD", "ROOM") ENABLE
--------------------------------------------------------
--  Ref Constraints for Table MEETING
--------------------------------------------------------

  ALTER TABLE "EPOSADAR"."MEETING" ADD CONSTRAINT "MEETINGCLASSROOMFK" FOREIGN KEY ("BLDNUMBER", "ROOMNUMBER")
	  REFERENCES "EPOSADAR"."CLASSROOM" ("BLD", "ROOM") ENABLE
 
  ALTER TABLE "EPOSADAR"."MEETING" ADD CONSTRAINT "MEETINGSECTIONFK" FOREIGN KEY ("DCODE", "CNO", "SNO")
	  REFERENCES "EPOSADAR"."SECTION" ("DCODE", "CNO", "SNO") ENABLE
 
  ALTER TABLE "EPOSADAR"."MEETING" ADD CONSTRAINT "MEETINGTEACHINGSLOTFK" FOREIGN KEY ("MEETINGDAY", "BEGINTIME", "ENDTIME")
	  REFERENCES "EPOSADAR"."TEACHINGSLOT" ("MEETINGDAY", "BEGINTIME", "ENDTIME") ENABLE
--------------------------------------------------------
--  Ref Constraints for Table OFFICEHOUR
--------------------------------------------------------

  ALTER TABLE "EPOSADAR"."OFFICEHOUR" ADD CONSTRAINT "OFFICEHOURFACULTYFK" FOREIGN KEY ("FUID")
	  REFERENCES "EPOSADAR"."FACULTY" ("FUID") ENABLE
 
  ALTER TABLE "EPOSADAR"."OFFICEHOUR" ADD CONSTRAINT "OFFICEHOURTEACHINGSLOTFK" FOREIGN KEY ("MEETINGDAY", "BEGINTIME", "ENDTIME")
	  REFERENCES "EPOSADAR"."TEACHINGSLOT" ("MEETINGDAY", "BEGINTIME", "ENDTIME") ENABLE
--------------------------------------------------------
--  Ref Constraints for Table PREREQ
--------------------------------------------------------

  ALTER TABLE "EPOSADAR"."PREREQ" ADD CONSTRAINT "PREREQPOSTCOURSEFK" FOREIGN KEY ("PCODE", "PCNO")
	  REFERENCES "EPOSADAR"."COURSE" ("DCODE", "CNO") ENABLE
 
  ALTER TABLE "EPOSADAR"."PREREQ" ADD CONSTRAINT "PREREQPRECOURSEFK" FOREIGN KEY ("DCODE", "CNO")
	  REFERENCES "EPOSADAR"."COURSE" ("DCODE", "CNO") ENABLE
--------------------------------------------------------
--  Ref Constraints for Table SECTION
--------------------------------------------------------

  ALTER TABLE "EPOSADAR"."SECTION" ADD CONSTRAINT "SECTIONCOURSEFK" FOREIGN KEY ("DCODE", "CNO")
	  REFERENCES "EPOSADAR"."COURSE" ("DCODE", "CNO") ENABLE
 
  ALTER TABLE "EPOSADAR"."SECTION" ADD CONSTRAINT "SECTIONFACULTYFK" FOREIGN KEY ("INSTRUCTORID")
	  REFERENCES "EPOSADAR"."FACULTY" ("FUID") ENABLE
--------------------------------------------------------
--  Ref Constraints for Table STUDENT
--------------------------------------------------------

  ALTER TABLE "EPOSADAR"."STUDENT" ADD CONSTRAINT "STUDENTMAJOR" FOREIGN KEY ("MAJOR")
	  REFERENCES "EPOSADAR"."DEPARTMENT" ("DCODE") ENABLE
--------------------------------------------------------
--  Ref Constraints for Table TRANSCRIPT
--------------------------------------------------------

  ALTER TABLE "EPOSADAR"."TRANSCRIPT" ADD CONSTRAINT "TRANSCRIPTCOURSEFK" FOREIGN KEY ("DCODE", "CNO")
	  REFERENCES "EPOSADAR"."COURSE" ("DCODE", "CNO") ENABLE
 
  ALTER TABLE "EPOSADAR"."TRANSCRIPT" ADD CONSTRAINT "TRANSCRIPTSTUDENTFK" FOREIGN KEY ("SUID")
	  REFERENCES "EPOSADAR"."STUDENT" ("SUID") ENABLE
